title,ID
Kinsey,0362269
Artists and Orphans: A True Drama,0289073
Die Rote Jacke (The Red Jacket),0323844
Finding Neverland,0308644
The Pursuit of Happyness,0454921
Arrival,2543164
Mustang,3966404
The Hobbit: An Unexpected Journey,0903624
Django Unchained,1853728
Two Hands,0951151
La Femme et le TGV,4661660
Crip Camp,8923484
Everything Everywhere All at Once,6710474
The Lord of the Rings: The Fellowship of the Ring,0120737
Zelary,0288330
Our Time Is Up,0427617
Florence Foster Jenkins,4136084
Tinker Tailor Soldier Spy,1340800
Sanjay's Super Team,4661600
In the Absence,9464764
Bowling for Columbine,0310793
Pride & Prejudice,0414387
Possessions,3080074
Bao,8075496
Closer,0376541
The Breadwinner,3901826
Iron Man,0371746
The Two Popes,8404614
China's Unnatural Disaster: The Tears of Sichuan Province,1430809
Harry Potter and the Deathly Hallows Part 2,1201607
The Wind Rises,2013293
The Tsunami and the Cherry Blossom,2028578
Beginners,1532503
Coco before Chanel,1035736
Winter's Bone,1399683
The Moon and the Son: An Imagined Conversation,0449619
Tangled,0398286
Shrek,0126029
How to Survive a Plague,2124803
Star Wars: The Force Awakens,2488496
War Horse,1568911
Les Misérables,5900600
20th Century Women,4385888
Cruella,3228774
A Beautiful Mind,0268978
The White Tiger,6571548
When We Were Bullies,13796488
An Ostrich Told Me the World Is Fake and I Think I Believe It,20115114
Inglourious Basterds,0361748
Ghost World,0162346
The Invisible War,2120152
Saving Face,2140371
Racing Extinction,1618448
Captain Fantastic,3553976
Sexy Beast,0203119
West Side Story,3581652
Harry Potter and the Deathly Hallows Part 1,0926084
"Summer of Soul (...Or, When the Revolution Could Not Be Televised)",11422728
Ferry Tales,0363607
Strangers No More,1754549
Youth,3312830
Jackie,1619029
Ice Age,0268380
Vice,6266538
Interstellar,0816692
All Quiet on the Western Front,1016150
Lost in Translation,0335266
Judas and the Black Messiah,9784798
Mighty Times: The Children's March,0443587
At Eternity's Gate,6938828
The Eyes of Tammy Faye,9115530
Kong: Skull Island,3731562
No Time to Die,2382320
Transformers,0418279
The Collector of Bedford Street,0325193
Minding the Gap,7476236
Bestia,14825950
Sari's Mother,0841160
Stubble Trouble,0309121
Unfaithful,0250797
Empire of Light,14402146
Babylon,10640346
The Wild Thornberrys Movie,0282120
Children of Men,0206634
Kon-Tiki,1613750
Song of the Sea,1865505
Luca,12801262
The Lego Movie,1490017
Toy Story 3,0435761
The Act of Killing,2375605
Pan's Labyrinth,0457430
A Star Is Born,1517451
I Lost My Body,9806192
Spider-Man: No Way Home,10872600
The Assassination of Jesse James by the Coward Robert Ford,0443680
The Bigger Picture,3610188
Kitbull,9536832
Zero Dark Thirty,1790885
Winter on Fire: Ukraine's Fight for Freedom,4908644
Johnny Flynton,0329245
The Saviour,0467485
Joanna,2976354
Last Day of Freedom,4172096
Borrowed Time,4874696
Star Wars: The Last Jedi,2527336
Nebraska,1821549
The Batman,1877830
The Kids Are All Right,0842926
The Hours,0274558
Revolutionary Road,0959337
The Golden Compass,0385752
Blade Runner 2049,1856101
Vera Drake,0383694
Time Freak,1733689
Animal Kingdom,1313092
Captain America: The Winter Soldier,1843866
Mulholland Drive,0166924
Zootopia,2948356
If Anything Happens I Love You,11768948
Better Days,9586294
Moonrise Kingdom,1748122
Munich,0408306
Strong Island,5873150
Burma VJ,1333634
One Night in Miami...,10612922
Lone Survivor,1091191
Whale Rider,0298228
A Serious Man,1019452
Le Pupille,20215392
Jimmy Neutron: Boy Genius,0268397
The Phone Call,3071532
Iris,0280778
American Hustle,1800241
The Final Inch,1360061
Facing Fear,2776636
Two Soldiers,0304858
God Sleeps in Rwanda,0480247
District 9,1136608
My Architect,0373175
In the Bedroom,0247425
All the Money in the World,5294550
Spider-Man,0145487
Shaun the Sheep Movie,2872750
Aftersun,19770238
Rabbit Hole,0935075
Rabbit à la Berlin,1410281
A Single Man,1315981
"Argentina, 1985",15301048
Timecode,5699202
The Lovely Bones,0380510
Poster Girl,1505384
Gone Baby Gone,0452623
Logorama,1563725
Ex Machina,0470752
Puss in Boots: The Last Wish,3915174
Maria Full of Grace,0390221
The Irishman,1302006
The Elephant Whisperers,23628262
Warrior,1291584
Onward,7146812
Get a Horse!,2980764
Mad Max: Fury Road,1392190
Gone Nutty,0342965
Copy Shop,0182014
Katyn,0879843
The Kite Runner,0419887
Soul,2948372
Memento,0209144
Star Trek Into Darkness,1408101
About a Boy,0276751
Aquel No Era Yo (That Wasn't Me),2372213
The Blind Side,0878804
The Queen of Basketball,14513236
The Grandmaster,1462900
A Separation,1832382
West Bank Story,0438575
Raya and the Last Dragon,5109280
Hillbilly Elegy,6772802
Boyhood,1065073
Pina,1440266
"Maggie Simpson in ""The Longest Daycare""",2175842
Margin Call,1615147
"Roman J. Israel, Esq.",6000478
Frost/Nixon,0870111
Hustle & Flow,0410097
Atonement,0783233
The United States vs. Billie Holiday,8521718
Cashback,0460740
Joyeux Noël,0424205
Venus,0489327
Traffic Stop,7874708
Hell or High Water,2582782
Prison Terminal: The Last Days of Private Jack Hall,3145026
Troy,0332452
How to Train Your Dragon,0892769
Guillermo del Toro's Pinocchio,1488589
127 Hours,1542344
Catch Me If You Can,0264464
Rocketman,2066051
Pirates of the Caribbean: Dead Man's Chest,0383574
Pear Cider and Cigarettes,5358978
No,2560140
Alone Yet Not Alone,1986769
The Baader Meinhof Complex,0765432
A Man Thing (Meska Sprawa),0304394
Beauty and the Beast,2771200
The Power of the Dog,10293406
A Morning Stroll,1964446
An Inconvenient Truth,0497116
Tenet,6723592
Weekends,7375186
Which Way Home,0489342
Miracle Fish,1337354
August Rush,0426931
The Invisible Woman,1700845
A Fantastic Woman,5639354
Triangle of Sadness,7322224
If a Tree Falls: A Story of the Earth Liberation Front,1787725
Stutterer,4817576
Prisoners,1392214
Paris 36,0948535
Free Guy,6264654
Éramos Pocos (One Too Many),0460616
The Boxtrolls,0787474
Dirty Wars,2532528
Tsotsi,0468565
The Wolfman,0780653
Inherent Vice,1791528
Tanna,4239726
First Man,1213641
Helmer & Son,0955271
The Book Thief,0816442
Joker,7286456
Eurovision Song Contest: The Story of Fire Saga,8580274
Downfall,0363163
Trouble the Water,1149405
Wanted,0493464
The Present,11474480
Give Up Yer Aul Sins,0308317
Spider-Man 2,0316654
The New Tenants,1520428
Day & Night,1754568
Daughter from Danang,0303281
The Last Campaign of Governor Booth Gardner,1534853
Taxi to the Dark Side,0854678
Moneyball,1210166
The Judge,1872194
7:35 in the Morning (7:35 de la Mañana),0406501
Still Alice,3316960
Timbuktu,3409392
The Insult,7048622
The Lord of the Rings: The Return of the King,0167260
The Last Samurai,0325710
Elizabeth: The Golden Age,0414055
Gasland,1558250
"Chau, beyond the Lines",4084844
Suicide Squad,1386697
Watu Wote/All of Us,6333422
Ida,2718492
Parasite,6751668
"Quo Vadis, Aida?",8633462
The Barber of Birmingham: Foot Soldier of the Civil Rights Movement,1844056
The Look of Silence,3521134
The Passion of the Christ,0335345
The Fabelmans,14208870
Revanche,1173745
Enron: The Smartest Guys in the Room,1016268
No Time for Nuts,0902999
Close,9660502
Evil,0120804
Twin Sisters,0322674
The Confession,1687903
The Motorcycle Diaries,0318462
Jackass Presents: Bad Grandpa,3063516
Water,0240200
WALL-E,0910970
Opera,1879016
Y Tu Mamá También,0245574
An Education,1174732
Pieces of April,0311648
The Hunting Ground,4185572
The Warriors of Qiugang,1744887
Dallas Buyers Club,0790636
Asad,2136747
1917,8579674
August: Osage County,1322269
Presto,1245104
Inocente,2123210
The Last Truck: Closing of a GM Plant,1487120
The Martian,3659388
Toni Erdmann,4048272
Notes on a Scandal,0465551
Mt. Head,0351382
Hidden Figures,4846340
The Way Back,1023114
Balseros,0321376
Mirai,6900448
The Mysterious Geographic Explorations of Jasper Morello,0469146
Saving Mr. Banks,2140373
Something's Gotta Give,0337741
Selma,1020072
The Twilight Samurai,0351817
"Food, Inc.",1286537
White Eye,10538710
The Gruffalo,1461418
Ascension,14505430
The Savages,0775529
How to Train Your Dragon: The Hidden World,2386490
American Factory,9351980
The Mushroom Club,0762119
Master and Commander: The Far Side of the World,0311113
A Note of Triumph: The Golden Age of Norman Corwin,0491795
The Visitor,0857191
Harry Potter and the Prisoner of Azkaban,0304141
3:10 to Yuma,0381849
Inception,1375666
I Met the Walrus,1156511
Incident in New Baghdad,1746180
Gopher Broke,0438064
Creed,3076658
Inside Job,1645089
In Darkness,1417075
Brother Bear,0328880
War Witch,1820488
Up in the Air,1193138
Land of Mine,3841424
Restrepo,1559549
The Midnight Sky,10539608
Coco,2380307
The Secret in Their Eyes,1305806
Da 5 Bloods,9777644
Brokeback Mountain,0388795
Defiance,1034303
Dawn of the Planet of the Apes,2103281
Fantastic Mr. Fox,0432283
The Cove,1313104
Loving Vincent,3262342
The Door,1223934
The Tree of Life,0478304
Butter Lamp (La Lampe Au Beurre De Yak),2922078
The Long Goodbye,11924384
Tell It like a Woman,5850650
An Irish Goodbye,14625872
A Royal Affair,1276419
W.E.,1536048
Minari,10633456
The Village,0368447
Biutiful,1164999
Kings Point,2109153
Destino,0377770
The Story of the Weeping Camel,0373861
My Octopus Teacher,12888462
Nightmare Alley,7740496
Away from Her,0491747
Wild Life,2097943
"Bardo, False Chronicle of a Handful of Truths",14176542
Pirates of the Caribbean: At World's End,0449088
Star Trek Beyond,2660888
Aya,2077703
Mary Poppins Returns,5028340
Speed for Thespians,0269899
Harry Potter and the Half-Blood Prince,0417741
The Danish Girl,0810819
Kavi,1399573
Bright Star,0810784
The Tale of the Princess Kaguya,2576852
Sun Come Up,1621975
Guardians of the Galaxy,2015381
Theeb,3170902
"Good Night, and Good Luck.",0433383
Green Book,6966692
Knife Skills,5745110
13th,5895028
Do Not Split,11512676
A House Made of Splinters,16377920
The Shore,2201259
The Square,4995790
Learning to Skateboard in a Warzone (If You're a Girl),10397932
The Lady in Number 6: Music Saved My Life,2924484
The Blood of Yingzhou District,0859595
Maleficent,1587310
War of the Worlds,0407304
"The Chronicles of Narnia: The Lion, the Witch and the Wardrobe",0363771
Foxcatcher,1100089
Fifty Shades of Grey,2322441
War for the Planet of the Apes,3450958
The Iron Lady,1007029
In the Loop,1226774
The Witness - From the Balcony of Room 306,1360068
The Great Beauty,2358891
(A) Torzija [(A) Torsion],0350476
Fire at Sea,3652526
Babel,0449467
Sideways,0375063
Crash,0375679
American Gangster,0765429
Milk,1013753
American Sniper,2179136
Baby Driver,3890160
Free Solo,7775622
The Curious Case of Benjamin Button,0421715
Incendies,1255953
Little Women,3281548
Revolting Rhymes,11714896
The Edge of Democracy,6016744
On My Mind,15289736
The Muppets,1204342
Wish 143,1518330
The Wife,3750872
Hereafter,1212419
Vanilla Sky,0259711
Black Hawk Down,0265086
Operation Homecoming: Writing the Wartime Experience,0970184
Inside Llewyn Davis,2042568
Zus & Zo,0245157
Million Dollar Baby,0405159
Little Children,0404203
The 100-Year-Old Man Who Climbed out the Window and Disappeared,4940370
Searching for Sugar Man,2125608
Blue Valentine,1120985
Mary Queen of Scots,2328900
One Small Step,8783042
Tár,14444726
Mrs. Harris Goes to Paris,5151570
Sweeney Todd The Demon Barber of Fleet Street,0408236
Howl's Moving Castle,0347149
The King's Speech,1504320
Hell and Back Again,1748043
Rise of the Planet of the Apes,1318514
"Life, Animated",3917210
Ferdinand,3411444
Amy,2870648
Flee,8430054
Dreamgirls,0443489
Body Team 12,4430002
Fantastic Beasts and Where to Find Them,3183660
Harvie Krumpet,0382734
Silence,0490215
Rio,1436562
Walk Run Cha-Cha,10182854
Guard Dog,0430159
The Wrestler,1125849
Manon on the Asphalt,1186020
Harriet,4648786
News of the World,6878306
Super Size Me,0390521
Affairs of the Art,14293560
Dirty Pretty Things,0301199
The Shape of Water,5580390
Chico & Rita,1235830
The Favourite,5083738
Incredibles 2,3606756
Harry Potter and the Sorcerer's Stone,0241527
Oktapodi,1323941
To Leslie,8129806
My Year of Dicks,17663790
Chicago,0299658
Straight Outta Compton,1398426
On Body and Soul,5607714
Negative Space,7090150
The Cooler,0318374
Yesterday,0419279
The Lives of Others,0405094
Toy Story 4,1979376
Fauve,7467476
Feeling Through,9280166
X-Men: Days of Future Past,1877832
When Marnie Was There,3398268
Twist of Faith,0436857
Sicko,0386032
Crazy Heart,1263670
Pentecost,1866218
Bohemian Rhapsody,1727824
Treasure Planet,0133240
Brooklyn,2381111
Avengers: Endgame,4154796
45 Years,3544082
Ad Astra,2935510
Cinderella Man,0352248
Into the Wild,0758758
Doctor Strange,1211837
Frozen River,0978759
At Night,0477347
Monster House,0385880
Norbit,0477051
Mirror Mirror,2085059
Me and My Moulton,3946086
The Silent Child,6186970
Twin Towers,0344503
Gone Girl,2267998
Jojo Rabbit,2584384
The Princess and the Frog,0780521
How to Train Your Dragon 2,1646971
The Affair of the Necklace,0242252
Bridge of Spies,3682448
Blonde,1655389
Far from Heaven,0297884
The One and Only Ivan,3661394
Juno,0467406
"Hale County This Morning, This Evening",6634646
Charlie and the Chocolate Factory,0367594
Jesus Camp,0486358
Invictus,1057500
Begin Again,1980929
Shok,4273570
My Nephew Emmett,6598290
Into the Woods,2180411
Transformers: Revenge of the Fallen,1055369
EO,19652910
The Big Short,1596363
The Jungle Book,3040964
Dear Basketball,6794476
Spellbound,0334405
Mike's New Car,0323250
Prisoner of Paradise,0316013
Enchanted,0461770
Pieces of a Woman,11161474
The Last Farm,0461847
Thirteen,0328538
Greyhound,6048922
In America,0298845
The Young Victoria,0962736
Across the Universe,0445922
The Aviator,0338751
The Girl with the Dragon Tattoo,1568346
Manchester by the Sea,4034228
Autism Is a World,0443434
Coming 2 America,6802400
My Life as a Zucchini,2321405
Star Trek,0796366
Jane Eyre,1229822
Top Gun: Maverick,1745960
Marguerite,6803040
Mother,5109784
House of Sand and Fog,0315983
No Country for Old Men,0477348
Slumdog Millionaire,1010048
Man on Wire,1155592
Flags of Our Fathers,0418689
The Fighter,0964517
A Love Song for Latasha,8993180
Steve Jobs,2080374
Call Me by Your Name,5726616
Klaus,4729430
Extremely Loud & Incredibly Close,0477302
Blind Vaysha,5559726
Lifted,0945571
Carol,2402927
The Little Matchgirl,0816562
The New World,0402399
Raju,1819651
Spotlight,1895587
First Reformed,6053438
Squash,0341588
Mudbound,2396589
Ernest & Celestine,1816518
Spectre,2379713
If Beale Street Could Talk,7125860
The Tragedy of Macbeth,10095582
The Social Network,1285016
Hellboy II: The Golden Army,0411477
Living,9051908
La Luna,1957945
The Betrayal (Nerakhoon),1157685
Snow White and the Huntsman,1735898
The Black Dahlia,0387877
Let's Pollute,1470652
Lady Bird,4925292
Dogtooth,1379182
The Man Who Sold His Skin,10360862
Lincoln,0443272
This Way Up,1279499
Spirited Away,0245429
A Prophet,1235166
Hacksaw Ridge,2119532
Wolfwalkers,5198068
Four Good Days,10344522
Watani: My Homeland,6195494
Frankenweenie,1142977
St. Louis Superman,10009148
Whiplash,2582802
Badgered,0455912
The Adventures of Tintin,0983193
"Three Billboards outside Ebbing, Missouri",5027774
Footnote,1445520
Extremis,5538078
Granny O'Grimm's Sleeping Beauty,1382454
Being Julia,0340012
Hunger Ward,12979636
Shark Tale,0307453
Tupac: Resurrection,0343121
Adaptation,0268126
Il Divo,1023490
Dimanche/Sunday,2177813
The Lighthouse,7984734
Elling,0279064
King Richard,9620288
Women Talking,13669038
Ice Merchants,19781688
Outside the Law (Hors-la-loi),1229381
In a Better World,1340107
The Lion King,6105098
Piper,5613056
The Neighbors' Window,8163822
The Triplets of Belleville,0286244
Gangs of New York,0217505
The Reader,0976051
Même les Pigeons Vont au Paradis (Even Pigeons Go to Heaven),1066329
Salt,0944835
Click,0389860
12 Years a Slave,2024544
Charlie Wilson's War,0472062
La La Land,3783958
Bridget Jones's Diary,0243155
Lead Me Home,15339848
French Roast,1323520
the accountant,0222675
Joy,2446980
Ave Maria,4419794
Passengers,1355644
The Windshield Wiper,9464038
Capturing the Friedmans,0342172
The Ides of March,1124035
"tick, tick...BOOM!",8721424
The Constant Gardener,0387131
Sing,3470600
Time,7131622
Parallel Mothers,12618926
Moulin Rouge,0203009
Ratatouille,0382932
The Red Turtle,3666024
Music by Prudence,1543539
Marie Antoinette,0422720
Barney's Version,1423894
Memorable,10499942
Everything Will Be Okay (Alles Wird Gut),4324518
Cutie and the Boxer,2355540
The Lone Ranger,1210819
Blue Jasmine,2334873
Salim Baba,1157707
The Pig,1333640
Brave,1217209
Junebug,0418773
Pearl,5599918
Puss in Boots,0448694
Girl with a Pearl Earring,0335119
Molly's Game,4209788
Corpus Christi,8649186
Ted,1637725
The Dark Knight,0468569
Frozen II,4520988
Birthday Boy,0435933
Despicable Me 2,1690953
Shoplifters,8075192
Cars,0317219
Ali,0248667
Peter & the Wolf,0863136
The Missing Picture,2852470
Crisis Hotline: Veterans Press 1,3449252
5 Broken Cameras,2125423
Moana,3521164
Detainment,6813264
"The Boy, the Mole, the Fox and the Horse",22667880
Two Distant Strangers,13472984
Chasing Ice,1579361
I Am Sam,0277027
Monster's Ball,0285742
Deliver Us from Evil,0814075
Tangerines,2991224
Moonlight,4975722
Dcera (Daughter),7615052
Exit through the Gift Shop,1587707
CitizenFour,4044364
Another Year,1431181
The Imitation Game,2084970
Kung Fu Panda,0441773
Nine,0875034
Before Sunset,0381681
Iron Man 3,1300854
For Sama,9617456
The Hateful Eight,3460252
Anomalisa,2401878
Flight,1907668
LaLee's Kin: The Legacy of Cotton,0274622
Karama Has No Walls,2551790
We Can't Live without Cosmos,3965660
Albert Nobbs,1602098
War Photographer,0309061
Frozen,2294629
The Bourne Ultimatum,0440963
"Two Cars, One Night",0390579
Syriana,0365737
Breakthrough,7083526
Room,3170832
The Polar Express,0338348
Thoth,0299178
City of God,0317248
Borat Cultural Learnings of America for Make Benefit Glorious Nation of Kazakhstan,0443453
Logan,3315342
Belfast,12789558
Paperman,2388725
Shrek 2,0298148
The Chorus (Les Choristes),0372824
War/Dance,0912599
Kubo and the Two Strings,4302938
North Country,0395972
Phantom Thread,5776858
Feral,2499022
A Shaun the Sheep Movie: Farmageddon,6193408
The Lady and the Reaper (La Dama y la Muerte),1523317
The Banshees of Inisherin,11813216
Batman Begins,0372784
The Time Machine,0268695
The Red Suitcase,22763378
Loving,5479616
The Letter Room,11962160
Fresh Guacamole,2309977
Sophie Scholl - The Final Days,0426578
Another Round,10288566
Sister Rose's Passion,0420195
The Tempest,1274300
The Hobbit: The Desolation of Smaug,1170358
The Master,1560747
8 Mile,0298203
Mank,10618286
A History of Violence,0399146
The Cathedral,0351167
Transamerica,0407265
Gregor's Greatest Invention,0304107
Trumbo,3203606
"Monsters, Inc.",0198781
Wasp,0388534
Life of Pi,0454876
20 Feet from Stardom,2396566
Cartel Land,4126304
The Eleven O'Clock,6023474
Colette,11643154
Born into Brothels,0388789
Capernaum,8267604
Mighty Times: The Legacy of Rosa Parks,0353737
The Fog of War,0317910
Tropic Thunder,0942385
Kate & Leopold,0035423
Superman Returns,0348150
Michael Clayton,0465538
Training Day,0139654
I'll Wait for the Next One... (J'Attendrai Le Suivant...),0325638
I'm Not There,0368794
Na Wewe,1764508
Omar,2852406
Faces Places,5598102
Prologue,4955294
King Kong,0360717
Days of Glory (Indigènes),0444182
Bombshell,6394270
Volver,0441909
Gosford Park,0280707
Eternal Sunshine of the Spotless Mind,0338013
Can You Ever Forgive Me?,4595882
Le Mozart des Pickpockets (The Mozart of Pickpockets),0820971
Before Midnight,2209418
Unbroken,1809398
This Charming Man (Der Er En Yndig Mand),0340071
Genius Loci,11884670
The Post,6294822
Nibbles,0392542
The Weather Underground,0343168
A Matter of Loaf and Death,1118511
Darkest Hour,4555426
Smile Pinki,1360065
Lagaan,0169102
"My Country, My Country",4425258
Children Underground,0264476
The Town,0840361
Elle,3716530
A Concerto Is a Conversation,13793326
Wild Tales,3011894
Silver Linings Playbook,1045658
The Quiet American,0258068
God of Love,1631323
Ready Player One,1677720
Promises,0282864
Nefta Football Club,8551848
A.I. Artificial Intelligence,0212720
The Squid and the Whale,0367089
Coraline,0327597
Waltz with Bashir,1185616
Room on the Broom,2484120
Lion,3741834
Heroin(e),7389366
Ma Rainey's Black Bottom,10514222
Walk the Line,0358273
Lavatory - Lovestory,0983242
Marriage Story,7653254
Mr. Hublot,3043542
A Better Life,1554091
The Secret of Kells,0485601
Killing in the Name,1684897
A Girl in the River: The Price of Forgiveness,5144072
Loveless,6304162
Seabiscuit,0329575
The Conscience of Nhem En,1360057
The Man without a Past,0311519
Finding Nemo,0266543
Anna Karenina,1781769
Skin,6043142
My Big Fat Greek Wedding,0259446
Attica,12482898
Emma,9214832
No Man's Land,0283509
American Splendor,0305206
La Maison en Petits Cubes,1361566
Monsieur Lazhar,2011971
Once,0907657
Head over Heels,2391009
Don't Tell,0443446
Buzkashi Boys,2133304
Bear Story,3829254
Wild,2305051
Allied,3640424
Amour,1602620
Hitchcock,0975645
The Father,10272386
The Sea Inside,0369702
The Big Sick,5462602
Rachel Getting Married,1084950
Son of the Bride,0292542
Rango,1192628
Pain and Glory,8291806
The Cave,8726180
The Salesman,5186714
The Devil Wears Prada,0458352
In the Valley of Elah,0478134
Solo: A Star Wars Story,3778644
Elvis,3704428
Blood Diamond,0450259
Late Afternoon,7077824
ParaNorman,1623288
The Illusionist,0775489
Collective,10706602
Being the Ricardos,4995540
Writing with Fire,13630174
Dune,1160419
Ivalu,22054902
The Incredibles,0317705
Match Point,0416320
Drive My Car,14039582
Fences,2671706
The Pianist,0253474
Knives Out,8946378
Harry Potter and the Goblet of Fire,0330373
The Gatekeepers,2309788
The Good German,0452624
The Salt of the Earth,3674140
Pinocchio,8333746
Death of a Shadow (Dood van een Schaduw),2312702
Haulout,17162620
Her,1798709
Undefeated,1860355
Beasts of the Southern Wild,2125435
Mystic River,0327056
Ford v Ferrari,1950186
Iron Man 2,1228705
Audible,12771540
The Queen,0436697
The Grand Budapest Hotel,2278388
Black Panther,1825683
Shang-Chi and the Legend of the Ten Rings,9376612
The Florida Project,5649144
About Schmidt,0257360
Madame Tutli-Putli,1029440
The Help,1454029
Ralph Breaks the Internet,5848272
Iraq in Fragments,0492466
Pearl Harbor,0213149
Adam and Dog,2162565
The Hunt,2106476
Last Days in Vietnam,3279124
Deepwater Horizon,1860357
New Boy,1095191
Star Wars: Episode III Revenge of the Sith,0121766
Wreck-It Ralph,1772341
A Night at The Garden,7535612
"Madagascar, carnet de voyage (Madagascar, a Journey Diary)",1590114
Helium,3346410
Honeyland,8991268
Once upon a Time...in Hollywood,7131622
Curfew,2088735
Glen Campbell...I'll Be Me,2049586
Saria,11421246
The Counterfeiters,0813547
All That Breathes,16377862
Son of Saul,3808342
Pirates of the Caribbean: The Curse of the Black Pearl,0325980
RRR,8178634
Lemony Snicket's A Series of Unfortunate Events,0339291
Bullhead,1821593
Fait D'Hiver,0281850
Heaven Is a Traffic Jam on the 405,5095260
Anonymous,1521197
RBG,7689964
The Departed,0407887
Persepolis,0808417
The Disaster Artist,3521126
Rehearsing a Dream,0982919
The Boss Baby,3874544
Black Swan,0947798
Dunkirk,5013056
Leviathan,2802154
Cyrano,12889404
Happy Feet,0366548
Inside Out,2096673
Victoria & Abdul,5816682
Murderball,0436613
Abacus: Small Enough to Jail,5952382
DeKalb Elementary,5926890
The Fantastic Flying Books of Mr. Morris Lessmore,1778342
Judy,7549996
There Will Be Blood,0469494
Christopher Robin,4575576
Bolt,0397892
Instead of Abracadabra,1351684
Cinderella,1661199
United 93,0475276
Fifty Percent Grey,0303336
Avatar,0499549
Ray,0350258
Half Nelson,0468489
Country Strong,1555064
In Bruges,0780536
Transformers: Dark of the Moon,1399103
Changeling,0824747
The Most Dangerous Man in America: Daniel Ellsberg and the Pentagon Papers,1319726
The Croods,0481499
Claude Lanzmann: Spectres of the Shoah,4815426
How Do You Measure a Year?,15026956
Captain Phillips,1535109
Edith+Eddie,6519356
The Great Gatsby,1343092
Boundin',0395479
Little Terrorist,0425200
The Messenger,0790712
The Crush,1509756
Mondays at Racine,2083264
Big Fish,0319061
Beaufort,0758732
Black Sheep,7440094
Mandela: Long Walk to Freedom,2304771
The White Helmets,6073176
Ajami,1077262
Lars and the Real Girl,0805564
Hardwood,0443531
True Grit,1403865
Ala Kachuu - Take and Run,7914938
Wonder,2543472
Star Wars Episode II Attack of the Clones,0121765
Borat Subsequent Moviefilm: Delivery of Prodigious Bribe to American Regime for Make Benefit Once Glorious Nation of Kazakhstan,13143964
Licorice Pizza,11271038
Three Songs for Benazir,14608922
Mr. Turner,2473794
House of Gucci,11214590
Day One,6168298
Lilo & Stitch,0275847
"I, Robot",0343818
Turning Red,8097030
Black Panther: Wakanda Forever,9114286
I Am Not Your Negro,5804038
Silent Nights,6460636
Brotherhood,8905964
A Man Called Ove,4080728
Richard Jewell,3513548
A Beautiful Day in the Neighborhood,3224458
Over the Moon,7488208
Roma,6155172
Tuba Atlantic,2061843
Amélie,0211915
World of Tomorrow,4171032
Encounters at the End of the World,1093824
The ChubbChubbs!,0331218
The Prestige,0482571
Inja (Dog),0258816
For the Birds,0248808
Vicky Cristina Barcelona,0497465
BlacKkKlansman,7349662
Kung Fu Panda 2,1302011
The Ballad of Buster Scruggs,6412452
Waste Land,1268204
Animal Behaviour,8615478
Mulan,4566758
Spielzeugland (Toyland),1280548
4.1 Miles,6279726
Isle of Dogs,5104604
Apocalypto,0472043
The Hurt Locker,0887912
Strange Invaders,0296874
Poseidon,0409182
Love and Monsters,2222042
Gravity,1454468
Period. End of Sentence.,6939026
Spencer,12536294
The Life Ahead (La Vita Davanti a Se),10627584
Never Look Away,5311542
The White Ribbon,1149362
The Imaginarium of Doctor Parnassus,1054606
Marshall,5301662
12,0488478
The Whale,13833688
The Phantom of the Opera,0293508
Finding Vivian Maier,2714900
The Revenant,1663202
Causeway,10192406
Embrace of the Serpent,4285496
Fire of Love,16227014
Border,5501104
The Lobster,3464902
One Man Band,0479113
The Trial of the Chicago 7,1070874
Trolls,1679335
Beyond the Lights,3125324
The Sea Beast,9288046
Nightcrawler,2872718
The Artist,1655442
Hero,0299977
Navalny,17041964
Six Shooter,0425458
Hair Love,7129636
Little Miss Sunshine,0449059
Nocturnal Animals,4550098
Capote,0379725
Philomena,2431286
Feast,3689498
Argo,1024648
Star Wars: The Rise of Skywalker,2527338
Hotel Rwanda,0395169
The Class,1068646
The Royal Tenenbaums,0265666
The Death of Kevin Carter: Casualty of the Bang Bang Club,0439676
Spider-Man: Into the Spider-Verse,4633694
Eastern Promises,0765443
Sound of Metal,5363618
Alice in Wonderland,1014759
The Barbarian Invasions,0338135
Up,1049413
Mrs. Henderson Presents,0413015
The Lost Thing,1669698
Maleficent: Mistress of Evil,4777008
A Sister,8767544
Marcel the Shell with Shoes On,15339456
Mongol,0416044
21 Grams,0315733
Doubt,0918927
Bridesmaids,1478338
Departures,1069238
Garden Party,6426140
Nomadland,9770150
Real Steel,0433035
The Broken Circle Breakdown,2024519
Nowhere in Africa,0161860
Ennemis Intérieurs,5467670
Why Can't We Be a Family Again?,0344563
The Good Shepherd,0343737
Talk to Her,0287467
I Am Love,1226236
"I, Tonya",5580036
Rogue One: A Star Wars Story,6323140
Avengers: Infinity War,4154756
Skyfall,1074638
Collateral,0369339
"Hail, Caesar!",0475290
Auf der Strecke (On the Line),1219675
"What Happened, Miss Simone?",4284010
Marvel's The Avengers,0848228
Maestro,0417299
The Theory of Everything,2980516
A Mighty Wind,0310281
Spirit: Stallion of the Cimarron,0166813
Missing Link,6348138
The Tonto Woman,1176466
Frida,0120679
Encanto,2953050
Avatar: The Way of Water,1630029
Promising Young Woman,9620292
Prometheus,1446714
White Earth,3044564
The Danish Poet,0933357
Darwin's Nightmare,0424024
Surf's Up,0423294
El Crimen del Padre Amaro,0313196
Lorenzo,0412936
Paradise Lost 3: Purgatory,2028530
The Wolf of Wall Street,0993846
Cold War,6543652
CaveDigger,2516860
Das Rad,0330801
The Sessions,1866249
The Quiet Girl,15109082
Murder on a Sunday Morning,0307197
After the Wedding,0457655
The Last Station,0824758
Yes-People,12706728
Tanghi Argentini,0812387
The Duchess,0864761
As It Is in Heaven,0382330
The Impossible,1649419
Robin Robin,11332850
Chernobyl Heart,0396959
O.J.: Made in America,5275892
The Dress,12299764
The Man Who Wasn't There,0243133
Winged Migration,0301727
Sicario,3397884
Don't Look Up,11286314
Life Overtakes Me,9204606
The Greatest Showman,1485796
Stranger at the Gate,20784118
A War,3748528
The Martha Mitchell Effect,16379454
Icarus,6333060
Letters from Iwo Jima,0498380
Happy-Go-Lucky,1045670
Street Fight,0457496
Memoirs of a Geisha,0397535
The Children of Leningradsky,0442947
Everything in This Country Must,0443499
Birdman or (The Unexpected Virtue of Ignorance),2562232
Jim: The James Foley Story,5278466
Cold Mountain,0159365
Freeheld,0914369
All the Beauty and the Bloodshed,21374850
Julie & Julia,1135503
Our Curse,3069992
Australia,0455824
The Last King of Scotland,0455590
The Mole Agent,11394298
Boogaloo and Graham,3612232
CODA,10366460
End Game,7879350
9,0411705
Sing!,0273822
God Is the Bigger Elvis,2210633
Virunga,3455224
Get Out,5052448
Please Hold,11383280
Recycled Life,0859631
Big Hero 6,2245084
Last Men in Aleppo,6333074
A Cat in Paris,1673702
The Mitchells vs. the Machines,7979580
The Lord of the Rings: The Two Towers,0167261
Road to Perdition,0257044
Midnight in Paris,1605783
Boxballet,14825972
Guardians of the Galaxy Vol. 2,3896198
The Lost Daughter,9100054
My Week with Marilyn,1655420
Hugo,0970179
The Flying Sailor,20240228
No End in Sight,0912593
Paradise Now,0445620
The Dam Keeper,3326262
The Descendants,1033575
Joe's Violin,5639178
Sherlock Holmes,0988045
Tim Burton's Corpse Bride,0121164
The Pirates! Band of Misfits,1430626
March of the Penguins,0428803
Lunana: A Yak in the Classroom,10189300
Monster,0340855
House of Flying Daggers,0385004
Of Fathers and Sons,7519174
Precious: Based on the Novel 'Push' by Sapphire,0929632
Ryan,0414469
The Worst Person in the World,10370710
"Two Days, One Night",2737050
A Very Long Engagement,0344510
The Diving Bell and the Butterfly,0401383
Curse of the Golden Flower,0473444
The Voorman Problem,1998355
Wallace & Gromit in The Curse of the Were-Rabbit,0312004
Lou,6267732
Parvaneh,3008010
Open Heart,2348322
A Single Life,3838700
Boy and the World,3183630
The Milk of Sorrow,1206488
Lifeboat,7446332
The Hand of God,12680684
Binta and the Great Idea (Binta Y La Gran Idea),0442001
Glass Onion: A Knives Out Mystery,11564570
